{"successful_requests": 100, "slowest": 0.40197921300023154, "fastest": 0.1544729349998306, "total_time": 2.612876913999571, "requests_per_minute": 2296, "requests_per_second": 38}